"serial_no","colour reading","mono reading"
"K2348900236",0,200196
"K2149304465",0,84332
"J9146910668",0,525592
"K2149303519",0,333875
"K2349100452",0,0
"K2359400345",0,0
"K2068601623",0,107010
"K2168605297",0,236300
"K2168805510",0,396867
"K2068802319",0,17288
"K2369000133",0,161880
"K2168903735",0,266524
"L7076164709",0,375274
"M0178604734",0,30464
"M0178703106",0,136623
"M0178703659",0,191090
"K2168907593",0,0
"M0178604739",0,513352
"M0179010472",0,452943
"M0178604741",0,331046
"L9978900500",0,0
"L7076761167",0,610282
"L6876860375",0,38361
"M0179504185",0,67311
"K2158602262",0,99093
"L7086163922",0,295242
"L6886160854",0,505655
"M0189305583",0,135032
"M0188903853",0,563365
"M0189304641",0,94514
"M0189305589",0,162239
"M0188501189",0,259810
"M0189306860",0,403090
"K2168606383",0,363749
"K2149300167",0,0
"V2294101896",123402,179797
"V4498500879",0,149659
"M6594000765",0,304711
"k2348900241",0,553282
"V4489601342",0,182448
"V4498700703",0,256831
"K2158704780",0,657804
"V4498708474",0,105298
"V4499000184",0,315492
"V4498803106",0,104496
"V4499200163",0,266895
"l7096760972",0,281242
"L7096862477",0,351046
"V4408507801",0,209483
"J9246403619",0,567080
"V4408504073",0,0
"L7006361492",0,606001
"L6806460309",0,231201
"K2369000197",0,182201
"V8304200315",0,318994
"V4409004894",0,76535
"M0973702332",0,944645
"QUYOXO5774",0,0
"L7006361403",0,242021
"V4408909472",0,420164
"V4409013091",0,63238
"V4409214253",0,87499
"QUYOZ06235",0,158720
"QVC0911946",0,21605
"V4409214319",0,202300
"V4409218403",0,0
"79538629",0,2183191
"L7007060344",0,136212
"V9714001904",132261,131968
"M0179009399",0,110439
"QUY1408608",0,63352
"V4408909607",0,282291
"S7213900303",140073,169581
"8366111197",0,0
"S7214101010",126520,209630
"K2149500687",0,198917
"V7013200127",0,3138941
"94F5C5B",26324,9037
"972HP5KW",0,40008
"W3019509849",0,81892
"K8366610858",0,423156
"S7214401198",63732,105838
"W3019509773",0,558212
"K2168604661",0,174977
"K2158904185",0,264496
"W3019408411",0,94821
"S7214502314",204735,325484
"W3028601149",0,127884
"W3019602529",0,390625
"W3019412987",0,133640
"W3028600881",0,234875
"V9814500429",183811,232983
"W3028601573",0,161818
"M0179608661",0,159957
"W3019602305",0,121766
"W3028708049",0,96607
"M0188501528",0,237850
"W422K100657",0,227515
"K2159603786",0,154917
"QUY1Y11669",0,149159
"W3028717065",0,98588
"NVN2200752",0,153365
"L7026260780",0,0
"NVN2100446",0,0
"NVN2200723",0,0
"W3028602678",0,280402
"QUY1810428",0,231695
"M0398500116",0,0
"K2168903755",0,396666
"W3028717010",0,0
"NVN2602295",0,171915
"K2168903799",0,275437
"W3038713028",0,0
"W432K100616",0,0
"L7076860472",0,0
"M5582900162",0,1204550
"W912P505271",0,342004
"S4926120284",27214,15307
"M0188507771",0,211298
"W912PA01716",0,0
"V4489602573",0,368643
"L1496710193",0,0
"M0178605212",0,95563
"W912PB07361",0,370725
"QUY1910709",0,0
"NVN2803134",0,227974
"W912PA01726",0,405193
"W912PB07365",0,163803
"W912PB07366",0,0
"NVN2803136",0,222398
"W912PB07363",0,0
"V9724401235",10714,46960
"W872JC00095",0,4782938
"W912PB06894",0,254363
"NVN2802996",0,18315
"W912PA05149",0,170709
"W3019604782",0,0
"W912PA00154",0,139330
"W912PA00207",0,0
"E333M120236",0,0
"K8166310981",0,374894
"K2159404230",0,459598
"NVN2201016",0,0
"M0178604105",0,235171
"W913P102788",0,103836
"W913P102789",0,99670
"M0188511757",0,145474
"W913P103890",0,95170
"W913P102790",0,131371
"E333M120321",0,592055
"G0188911101",0,92503
"W673K601292",0,537176
"NVN3606991",0,45701
"W913P504998",0,803617
"G2159304844",0,204478
"G2149403964",0,334982
"G0188511761",0,44324
"NVL2500779",0,0
"W913P803549",0,44516
"W913P805348",0,70243
"M2763600357",0,797042
"T223P901373",1782,38116
"G8204000571",0,177805
"W672K601485",0,1083807
"V4408909579",0,313179
"W913P803703A1",0,0
"W913P903537",0,364849
"W913P903541",0,249173
"G0179405099",0,267755
"W913PC04909",0,262996
"W913PC04902",0,321121
"L9074600481",470984,732229
"G0179502964",0,269011
"NVN3Z07890",0,131787
"W913PC04905",0,274314
"W913PC04908",0,0
"NVN3Z07825",0,142342
"W913PC04906",0,215083
"G4498505085",0,228282
"W913PC04897",0,195002
"W913PC04847",0,0
"E214K300031",60422,366653
"K2168903738",0,86850
"E154M220372",289915,43934
"M0155511681",0,317309
"W914P500957",0,0
"M0189110396",0,124791
"W914P500842",0,207562
"E334M121184",0,0
"W904P400322",0,116234
"E324M620019",0,143620
"E334M520491",0,0
"E204R661478",114566,82297
"E334M421020",0,0
"E334M121008",0,474568
"E334M121153",0,485141
"M0188903851",0,349505
"V2204201469",34381,46709
"E334M420919",0,264073
"E334M820098",0,0
"E204R760011",79757,356057
"V3L4301100",0,199956
"W914P806735",0,0
"W794P401999",52140,97469
"76676899",0,1422719
"E154M631278",184284,196414
"G0179009396",0,343082
"E323MC20715",0,122869
"E334M820385",0,407688
"E323MC20667",0,241693
"E334M420124",0,133787
"V3L4301048",0,116199
"V3L4301046",0,12397
"E334M520407",0,0
"W914P500847",0,291452
"W3048905187",0,224944
"W3048905245",0,130315
"W3048905193",0,328930
"W914P800104",0,286179
"L5Z3700640",0,173976
"L5Z3700565",0,14576
"E334M520488",0,400045
"M0189008478",0,323317
"W3048905223",0,0
"W3049201022",0,0
"E204R763628",0,0
"E334M821196",0,168358
"V4408502448",0,122307
"W914P500850",0,476044
"W914P500846",0,134438
"W3039000743",0,151902
"W3039000752",0,34563
"M0189008508",0,599723
"W3039000607",0,173227
"S7224600174",96276,259982
"W914P500851",0,180720
"W914P806739",0,177616
"W914P604215",0,94653
"W3019000973",0,216949
"W3019105903",0,180937
"K2158602123",0,257891
"E334MB20833",0,224193
"W3049301297",0,568176
"E324M920558",0,0
"W3048904816",0,159989
"E174M730692",0,0
"45144LM199CL",0,0
"E324M920521",0,171675
"W3049404369",0,68521
"E334MB20839",0,228542
"E155M131340",228670,310038
"E764K950024",0,681652
"E764K950047",0,568918
"E324M920563",0,0
"W3049301285",0,69671
"K2158703381",0,168560
"W3049301462",0,295366
"W3048901047",0,83217
"W3049300059",0,245842
"L7007160159",0,141026
"V1404401475",82854,67319
"W3048901637",0,73886
"L9084400921",0,0
"L7096860268",0,351171
"E335M121963",0,0
"K2148801834",0,382729
"E334MB21381",0,199679
"W794PB00923",52253,156811
"W914PB00800",0,119425
"W3049301305",0,228278
"W3048901187",0,198479
"W3048901368",0,241034
"W3048901067",0,214403
"W3048901065",0,331109
"W3048901043",0,357513
"W3048900985",0,0
"E335M420301",0,671725
"E335M121871",0,648801
"G145J500090",0,1519146
"W3048901734",0,116108
"W3049301292",0,182033
"E335M121693",0,0
"W3048905030",0,122697
"W3048905033",0,45487
"W3049404508",0,504522
"W3048901840",0,93774
"E335M122065",0,231133
"W3049301296",0,16118
"W3049404106",0,0
"W3048901418",0,110162
"W3048901791",0,121376
"G145J400267",0,331491
"G155P700972",0,752278
"77271680",0,2024912
"W3049404460",0,0
"E205R262024",0,0
"W795P404114",84593,48173
"W3048901045",0,286865
"E205R161884",11532,242594
"E205R261919",7189,119421
"K2169004534",0,559309
"W3048901800",0,178659
"W3058502496",0,272096
"W3058502495",0,258733
"G0179207341",0,658570
"E335M121948",0,434261
"E204R763277",62197,289384
"V5190100046",0,4479915
"W795P500850",53496,187804
"V4409210194",0,59375
"W3058502464",0,51033
"E335M122104",0,220820
"W3058604332",0,182316
"V4498905085",0,360062
"G185R150010",0,655878
"W912PA01604",0,228447
"L7016860330",0,398160
"W3048901416",0,80144
"W3049404463",0,72000
"W3049404103",0,144091
"W3058604331",0,0
"W3058605125",0,0
"W3058605114",0,0
"W3058605126",0,72000
"W3058605130",0,133900
"W3019508729",0,167437
"G145P600773",0,809081
"E155M520437",232956,641777
"E335M720072",0,0
"E335M620151",0,469976
"L8984100289",44442,302126
"W3058600644",0,0
"E335M620364",0,0
"V4498803100",0,331207
"V5M4700364",0,5514
"E155M533244",280950,907914
"W3058604335",0,44481
"W914P501038",0,0
"W3058503143",0,160529
"W3058600648",0,40628
"W3058502374",0,96463
"L6877161513",0,123464
"V9714203193",154260,145446
"V3L4902641",0,0
"W3058600651",0,148800
"W3058502375",0,0
"W3058900919",0,260502
"W795P403159",10719,98097
"E205R460003",46240,95652
"W3048901050",0,0
"W3058900915",0,0
"G0189603655",0,241449
"E335M620291",0,130368
"G165P400362",0,643750
"W3019000801",0,304984
"E335M420267",0,252731
"W3058900913",0,54527
"AK4C001579",10782,3711
"W795PB00422",0,0
"G155P800838",0,0
"W3058600646",0,0
"E335M620421",0,249337
"G445P600064",44942,40580
"W3049404466",0,0
"G475M930222",29485,274516
"W3059200814",0,22736
"E335M921057",0,429983
"W3048905004",0,63261
"L7076660109",0,230242
"W3049404465",0,0
"E335M921128",0,79515
"W3058800366",0,0
"W915PA00530",0,122318
"W3058800367",0,133866
"W912P505251",0,180062
"E205R460004",179996,148743
"V9713800396",54163,133042
"V4409006707",0,225730
"W3059000924",0,53424
"V4499205019",0,302230
"W3059402721",0,28356
"V3L5103394",0,0
"G145PA01068",0,0
"W3059000905",0,504400
"W795PB00875",4067,66527
"W3019312917",0,158772
"V9714300084",111129,236916
"V9724002431",188851,314711
"E335M721199",0,340699
"E335M921113",0,235868
"V4409013092",0,55923
"V3L6105402",0,265984
"AK5B003041",28399,15097
"W795P403161",12817,32475
"W3028713024",0,138508
"M0189604757",0,287039
"M0169300672",0,197547
"S7224000403",11383,242212
"W915PA00557",0,212580
"W3059402723",0,79222
"W3059402713",0,187695
"E336M120062",0,129286
"W3059602206",0,24164
"W3059602189",0,69287
"W866J300042",0,2297310
"W3059602190",0,27026
"W3068501763",0,103327
"G445P600246",41035,386193
"V4409104661",0,0
"V9314270356",269978,913642
"V3L6105407",0,58776
"W3059602221",0,103602
"W3049202270",0,122431
"W3058900988",0,0
"M0189603645",0,275754
"E204RA65993",195988,63001
"G476M330601",14351,43567
"W3019001031",0,378437
"W912P504159",0,0
"W3068700878",0,174923
"E336M420435",0,605842
"W3068600796",0,0
"G146P301396",0,161804
"G475MC30665",26413,621466
"W3059000842",0,175197
"AK5C044185",0,0
"W3068501718",0,0
"M0188507860",0,0
"L7026260083",0,0
"E336M520237",0,245048
"W3039828177",0,432791
"V9713803254",107180,137569
"E336M520215",0,57931
"G476M430169",49378,311720
"G476M430256",53005,126297
"W3068600597",0,107604
"W3068600598",0,34884
"K2168805509",0,0
"W3029004345",0,243419
"G476M530251",22846,92945
"W916P505088",0,124211
"W3019104752",0,0
"E336M420495",0,205468
"G476M530234",171650,107200
"G074P500960",0,0
"W3068600585",0,78521
"M0189008511",0,181218
"W866J300041",0,1559102
"W3028600157",0,42223
"W3019315288",0,202962
"W3018601094",0,116394
"E336M520058",0,366990
"E206R362166",73863,532304
"W3068501335",0,0
"W502KA00829",0,0
"W796P501197",72024,76692
"W913P405333",0,334916
"V4409012751",0,199944
"G476M430413",16475,410303
"K2158602687",0,165802
"AK63039460",11293,19071
"W3068502003",0,0
"E336M520217",0,0
"E336M320660",0,160115
"E336M320585",0,0
"G146P601117",0,0
"W3068502114",0,219465
"G476M530518",32246,283778
"K2168906337",0,201232
"W3058800371",0,291552
"W492K502258",566267,540010
"G656J800110",0,0
"S7513800009",87224,149203
"W301870234",0,116188
"W3068502113",0,104725
"S7504800036",36076,216948
"W3029311021",0,105005
"G146JA00092",0,946711
"V9724601115",149121,304190
"W3068502088",0,208350
"V5N6101247",0,75691
"W3018700293",0,188548
"G156P600069",0,976275
"W912PB06771",0,347512
"E744KA50310",0,461346
"E336M320702",0,85439
"E336M920249",0,425810
"W3069101597",0,96028
"V4408502465",0,186515
"V4499100835",0,0
"G476M930368",17460,53999
"G656JA00080",0,3333996
"G445P600132",21616,140656
"E333M120229",0,430490
"E336M920839",0,430507
"L7026260763",0,289097
"W3078500071",0,226262
"W3078500075",0,126014
"K2168903731",0,98953
"G476M930217",201563,107845
"G476M730704",60700,163982
"AK6C017704",6165,28691
"V4S5900801",0,784865
"AK69001125",0,80395
"AK71018409",18350,27715
"W3078500102",0,0
"G476M930492",22175,26816
"W3069400100",0,18436
"W3069101600",0,52017
"G656JA00097",0,1469646
"W3078500073",0,151992
"W794PB00872",28982,114629
"QUYOZ06188",0,110219
"K2149304051",0,400834
"E336MC20205",0,0
"V4408801861",0,385572
"V4489601250",0,451218
"W3069400111",0,35025
"AK55030980",0,13980
"AK68022355",0,31878
"G156P600018",0,389164
"E333M120260",0,49074
"S7334500090",3632,77370
"G475MC39033",0,0
"W796P900265",20669,117120
"E337M120471",0,16834
"W3069100468",0,310401
"G477M130376",41282,74555
"AK65032162",0,82162
"G697J400868",134065,204217
"S7214301359",106849,192417
"K2158804195",0,332749
"G477M130479",72771,104315
"VWX6Z00155",0,41436
"E337M120407",0,0
"S7334500016",115521,19783
"AK67030084",2151,14546
"E337M120459",0,410838
"W3019400459",0,266018
"W794PB00502",60544,61395
"W3019202645",0,425424
"W512JB01221",68423,75306
"G477M430442",32027,14169
"W916PB02485",0,129820
"VX27200240",0,228371
"VX27200237",0,161477
"VX27200247",0,132214
"G656JC00053",0,0
"W3018508725",0,0
"W3068600584",0,110614
"W3049400353",0,0
"W3068502087",0,214208
"W3078600542",0,60940
"W3028715907",0,281107
"W3028713761",0,0
"W3018707771",0,0
"W3028601079",0,0
"W3019411323",0,0
"S7334500074",60273,38449
"G657J600025",0,542621
"S7334500044",13797,141568
"C717R310343",153410,55852
"G156P600070",0,466951
"M0189009461",0,204119
"S7334500101",65523,397987
"C367P500121",0,288202
"V5190100004",0,4325864
"C397P100869",0,819315
"E337M620250",0,311383
"VWS7500565",10844,11609
"V5N6501519",0,0
"C717R310214",74726,881341
"G477M130356",0,0
"S7334500118",0,0
"E323MC20728",0,158629
"W542JC00107",144062,230831
"C717J701563",121597,508189
"C357J600121",0,717123
"W863JA00125",0,1254768
"VX27500525",0,73313
"M0188805897",0,0
"W3079200693",0,165332
"W3019400790",0,138236
"W3079200449",0,219736
"W3079200443",0,202561
"W3079200444",0,248426
"V6903200059",0,617435
"W914P306434",0,92007
"G656J800111",0,3049678
"W3079200447",0,191611
"E337M120474",0,187548
"W3079200741",0,40678
"W3078600543",0,25373
"W917P104563",0,190261
"C507P602719",34002,65127
"C717J701544",111437,673068
"S7214301042",42253,229430
"W3019401216",0,231552
"VWX7300607",0,44810
"V5100500054",0,5173661
"S7214101079",5322,42847
"W914P702317",0,269509
"W796PA00524",0,0
"W493K201323",305862,573792
"W542JC00109",439478,199458
"V5210400034",0,4142310
"AK69000879",0,0
"AK69000875",0,5893
"AK69000870",0,8410
"AK69000868",0,9643
"AK69000871",0,4483
"AK69000873",0,0
"AK71030679",10385,10838
"AK71030678",11705,15291
"AK71030673",0,0
"AK71030680",0,0
"W543J300377",150652,623806
"C717J701703",232612,343859
"C717J701533",217535,166282
"C717J701546",81922,31215
"W916PB02599",0,43818
"W916PA03542",0,52300
"W796PA00546",8175,50198
"W914P305690",0,0
"W3079200721",0,0
"W3079200439",0,135633
"V5N6501522",0,13841
"S7224201190",27562,17933
"W3079200411",0,92473
"V5N6501532",0,0
"V5N6501526",0,0
"V5N6501514",0,0
"E204R862285",22196,153739
"W3079200717",0,367590
"AK71020431",26576,36089
"V4408502451",0,27915
"W662K800842",0,714020
"V4409004257",0,175584
"S7214602222",26129,28407
"E337M620304",0,45139
"W3019313721",0,63257
"C767R621636",82434,255970
"C767R621485",34445,217860
"AK67025738",1562,21487
"c397p900735",0,605031
"W912PB00066",0,34529
"W662KC01127",0,156678
"VWY7800218",0,60696
"W3079400153",0,196381
"W3058800370",0,40556
"VWX6Z00118",0,28525
"C737M720440",0,0
"C387P600043",0,409400
"C387P600091",0,143378
"C357P300188",0,511846
"C357P300431",0,220277
"W1917P501165",0,135236
"C717J900442",375198,162939
"C737M720436",210288,44740
"C717J900217",368268,180847
"NVN3606993",0,7327
"C397JC00100",0,1031684
"VWX6Z00131",0,80469
"AK57048995",16676,41846
"V4499204610",0,162434
"E175J400624",90974,327758
"C767J900331",41840,10499
"C397JC00112",0,186095
"VYJ7300083",0,0
"VYJ7300080",0,49956
"E337M420879",0,118768
"W3019509591",0,63004
"E336MA20059",0,58468
"W913P903942",0,201741
"M0189603655",0,308189
"S7214301028",9659,112208
"S7224700150",1944,322292
"W3039603238",0,0
"C767R720242",60925,103909
"E337M720863",0,91004
"G477M430408",13969,49241
"E744KA50258",0,696104
"V4489601397",0,229295
"M0188511759",0,40896
"W917P300425",0,148285
"W796P400871",0,0
"E337M620332",0,80543
"S7214401451",16147,198529
"W3018707584",0,376536
"A4FM021030949",67659,100148
"W3019202354",0,17946
"W3079400148",0,146005
"W3079400146",0,263248
"W793PC04135",19795,163998
"S7223900637",0,0
"C397PC01650",0,582960
"C778J100267",93387,145267
"S7214300731",6624,51701
"VWX7300596",0,101389
"W3079300139",0,52523
"W3079300140",0,75305
"W3079300248",0,98915
"C767R720261",35603,38081
"G657J600038",0,2148245
"VWX6Z00123",0,69559
"A4FK021010078",0,0
"C397PC01936",0,560858
"W3079400063",0,0
"Y877RB10001",0,315441
"W3079300249",0,57849
"W3079300263",0,249510
"E338M120207",0,210412
"W3088500090",0,329797
"W3079300251",0,56595
"W3079400289",0,0
"VWS6Z00033",28918,41473
"VYJ7300081",0,8376
"G476M430170",46219,159473
"AK7A022805",0,114349
"W3069100462",0,358568
"W3068502106",0,290333
"W3049301306",0,285646
"W3078500033",0,246308
"W3048901636",0,357438
"W3019001029",0,197542
"E337MC21975",0,203503
"W3079300225",0,22992
"W3079300260",0,35743
"W3079300255",0,43694
"AK6C017647",16942,125726
"W3079200715",0,260632
"S7224100902",3671,37916
"W917PB00017",0,91291
"VWX6Z00122",0,12230
"C767RB21454",17874,5136
"S7223900935",9778,11138
"G7096461906",0,153532
"NVM3801650",0,235294
"C358P300224",0,677495
"A161021009912",64966,541694
"C368J100095",0,420732
"W917P300458",0,33701
"VWS6Z00001",4977,17558
"V4409012615",0,141421
"W3079500256",0,173163
"W3088600123",0,159056
"C738M225769",165192,346290
"W3029302215",0,206831
"W3019507402",0,103144
"W3039600982",0,39014
"S7224100036",139111,322564
"E337MC21998",0,187691
"W3079200660",0,124892
"W3079200676",0,201943
"M0178605144",0,233858
"V0981200175",0,2782344
"A4FM021028543",0,0
"W3079300257",0,43938
"W3079300256",0,59820
"C378P300032",0,592385
"C378P200026",0,0
"W3079200725",0,298497
"W3068502004",0,361475
"W3058604333",0,396435
"W3048901615",0,253805
"C358P300329",0,1333976
"W3079400145",0,0
"G475M830803",69407,67111
"C768J300801",67447,171331
"VYJ7300082",0,48826
"W866J200059",0,2317965
"W917P501143",0,0
"W917PC00709",0,0
"W912P505078",0,145205
"A4FM021007474",197731,446147
"W3079500248",0,237148
"W3079300259",0,163027
"G4489601331",0,232353
"C378P400085",0,303707
"S7224000148",109810,132463
"E338M421663",0,0
"AK81028088",0,48618
"G0179309436",0,26203
"E205R160944",53579,177054
"VWU8100329",0,58853
"A161021009747",104756,0
"VWX6Z00135",0,118229
"VWV7200237",0,138202
"V4489602602",0,421444
"W3079300262",0,42118
"VWY8100462",0,213765
"S7214301231",5128,10183
"C398J500083",0,367430
"S7234700156",27733,55261
"VWY8100470",0,123519
"VWY8100461",0,97112
"C398P400867",0,273418
"E324M120235",0,568106
"G078P400373",63997,50232
"W917PB00023",0,147709
"C398P501610",0,0
"VWT8300257",16425,132947
"VWY8100463",0,86961
"C768J400203",8289,64548
"VWY8100455",0,184372
"V5120700018",0,2443341
"C768R521131",90714,100665
"G078P400635",7622,5760
"E338M520984",0,253381
"W3079300264",0,142999
"W3079200685",0,81898
"VWY8400539",0,402261
"VWY8400537",0,321294
"W917PB00119",0,140953
"42345225",0,0
"W914P604220",0,10674
"A161021010218",89427,599579
"W3079300258",0,48988
"W3049400340",0,0
"W3049301282",0,0
"A5C2021032631",0,0
"S7224000155",174757,140037
"E333M821230",0,0
"E332MC92567",0,425999
"S7214401447",26838,94870
"W3049300090",0,0
"W3088900205",0,20504
"G176J700073",0,684453
"E338M620866",0,138557
"W917PB00121",0,52739
"W3049301459",0,88168
"LXZ7400114",0,104298
"E204R763244",38192,255393
"E338M421628",0,0
"338M420087",0,500221
"C718R513573",173501,90900
"C768R721035",157690,115083
"C768R821778",217164,112910
"G077PC00609",6579,60479
"S7223800749",30278,35248
"W3029404686",0,0
"VWY8300510",0,63799
"VWY8400524",0,100630
"VWY8100429",0,34832
"VWY8300514",0,93438
"V5230200016",0,4150131
"C398P700909",0,408927
"E203RC61238",60381,127838
"42344669",0,0
"W918P701454",0,53297
"E338M521013",0,0
"VWY8300486",0,23718
"E338M120211",0,42449
"E338M720208",0,109799
"41953180",0,723650
"VWY8300497",0,103312
"S7224000346",71947,211156
"W3079500374",0,219372
"E338M220026",0,111768
"W3026402195",0,19945
"W912P505258",0,136479
"AK76027198",31008,101964
"C768R821069",88431,19748
"VWY8300490",0,26759
"VWT8300261",8082,28329
"G656JC00051",0,518476
"G176R450022",0,348437
"C398P900131",0,78773
"E763KB00013",0,198489
"VWX7701233",0,48097
"VWU8100344",0,19717
"W3029504287",0,106138
"A5C1021020837",100313,425372
"W3028602635",0,226153
"W3019509848",0,338581
"W3028602636",0,144629
"W3088900251",0,227533
"W3088900196",0,146801
"A5C4021132257",91775,665127
"A7R0321004507",12032,49163
"A161321000200",376851,404981
"A5C1021015894",48198,390998
"C508P603380",5970,32906
"A161021012560",0,0
"S7213900299",0,0
"S7434700030",0,0
"M0179107501",0,0
"VWY8900766",0,91820
"VWY8900814",0,193543
"C508P603428",6343,56777
"AK76027145",0,0
"W3079400358",0,269666
"S7214100791",0,0
"W917PC00784",0,0
"VWS8701252",0,0
"C398P601902",0,0
"W3079400402",0,186295
"w3079400378",0,195689
"W3058800363",0,166591
"VWX8803026",0,91688
"E338M920091",0,287972
"W3079400372",0,104974
"C508P603474",28581,172034
"C768R920388",73268,40096
"W912PA00157",0,382307
"W3019513041",0,277367
"V5210500083",0,4520596
"E214J800090",0,0
"C768RA20014",78779,32735
"W3068502112",0,175308
"VX28501497",0,63274
"W918P800835",0,119131
"VWV7400368",0,40308
"W3079400356",0,57664
"VWT8400351",4716,59053
"W3079400306",0,184545
"C768RA21401",41586,58123
"V5110600017",0,5519017
"G657J600030",0,0
"C718R513153",306200,311461
"VWT8400352",2317,5897
"W3079400354",0,13761
"VWY8900801",0,5232
"VWY8300509",0,148241
"V4408503822",0,0
"VWX8803030",0,347375
"W3028715908",0,93545
"VWX7701224",0,0
"AK7B023748",3249,26966
"W3049301287",0,132188
"VR47702080",0,278605
"VWT8400314",2954,10876
"W3048905196",0,211633
"42346275",0,1247461
"R6G8701013",0,204927
"VWS8601105",29303,19333
"G175J300217",0,197561
"VWY8300515",0,54040
"AK57049028",0,0
"G476M230677",2351,19453
"R5R7Y00508",39990,16863
"S7224500487",0,0
"W3009605978",0,116562
"G476M730684",29466,65393
"G185J875231",0,492860
"LXZ7300109",0,0
"C718R513565",24132,355893
"W3048905029",0,75981
"G175R550492",0,372633
"G165P900042",0,192429
"AK81028085",0,74606
"AK82022796",0,61549
"R5R7Y00501",40359,66737
"E338MC20598",0,67723
"R5R7Y00503",9380,67728
"W3079400355",0,193893
"VWY8500567",0,126197
"S7534400008",110650,255311
"W3009605919",0,243204
"V5120100099",0,836398
"R5R8X01310",114014,99204
"VWY8900810",0,50837
"W3059401049",0,78514
"NVN3506559",0,143336
"W3079200709",0,249842
"W914PB00591",0,191103
"S7214401865",106147,232669
"V4409218132",0,345558
"W3079400349",0,86688
"VX27500524",0,0
"VWY8300511",0,15379
"G155P701526",0,942435
"W3079400348",0,75611
"W3039302704",0,106252
"W3039301432",0,63892
"E338MC20641",0,217181
"VWX8803028",0,44584
"QVCO911299",0,175138
"W914P204475",0,255023
"W3079200627",0,285387
"W913P903621",0,0
"W3079400350",0,155062
"S7214401078",18196,34783
"G174R950275",0,658803
"R5R8Y01333",72566,48288
"R5R7Y00516",21611,10037
"G175R150139",0,275050
"C768R522940",75043,75473
"VTV6X00602",0,211302
"VWT8400356",22338,5174
"G175R550518",0,519567
"3109R111100",52554,152063
"RJR9100085",0,330369
"VWV8902018",0,3152
"VWV8902028",0,70803
"VWV8902043",0,12668
"VWV8902021",0,6877
"VWX8803023",0,41948
"VWY8600636",0,117611
"42311224",0,769687
"W3059602186",0,235931
"W3058604327",0,95058
"L9084001306",112903,945851
"G165JA00157",0,548956
"E763KB00192",0,306649
"VWY8600656",0,131515
"W3009605929",0,0
"V9314504417",266097,602288
"W918P900849",0,52409
"W918P900894",0,213304
"W918P900848",0,140850
"W3068901583",0,245602
"W3068901581",0,77641
"VWS8200748",5679,3279
"E338MC20658",0,167289
"E338MC20642",0,389171
"W3079400352",0,94433
"RJT8500014",0,102153
"VWS9301720",10490,10287
"R6G9401463",0,14586
"VWY8600653",0,62565
"R5R9501374",27259,200362
"VWY8600627",0,56003
"RJR9100081",0,203889
"VWX8903779",0,24153
"W3029500982",0,0
"W918P901474",0,125069
"S7334500099",48398,118004
"VWY8500602",0,94107
"VWT8400355",5247,27866
"G175J200380",0,120235
"C399P401191",0,171992
"W918P901471",0,168411
"W918P900752",0,27788
"V4408902819",0,222886
"S7334500083",15709,33015
"S7234700094",0,0
"W3019508730",0,157162
"3379P501052",0,255475
"3129M250863",65411,220268
"VWY8500572",0,0
"3089R511121",9509,132426
"VWY8500571",0,74509
"E214K200136",7623,8459
"W914P500956",0,304976
"C768RA20654",78002,25599
"E335M121976",0,448444
"C508P603463",31293,140524
"3379P100925",0,81789
"G073PC00221",34931,188575
"W3039001909",0,86343
"VWV7200238",0,159614
"E323M920917",0,134803
"3299M420452",0,0
"VX27Y00959",0,0
"VWV8902106",0,68493
"VWT9500520",35133,32089
"VSK7800457",0,184824
"VX17X00317",0,28550
"44140362",0,685900
"VWY8600651",0,65278
"C767RC21602",12680,3443
"3089R510863",9021,76259
"VWT8200246",2775,36798
"VWY8500578",0,29869
"G174RC50012",0,527665
"3129M410584",34144,54359
"w492k604882",0,0
"C508P702986",1101,4124
"G075P800545",3105,60110
"VWT9500528",1768,51197
"G075PD99467",3598,26311
"G667JC00069",0,1132445
"3379P701090",0,86225
"W3058604006",0,76915
"3379P701297",0,39122
"3379P701051",0,203430
"3379P701095",0,267447
"3089R910594",27112,167585
"VWY8500564",0,81169
"VWY8500570",0,26128
"G076PC00433",2015,6700
"3379P701296",0,79630
"VWY8500565",0,23912
"G174RC50333",0,233059
"V5221000038",0,0
"VWY8500575",0,52144
"3109R110948",5722,624600
"E184J300158",31563,638270
"3109R110980",61409,452469
"W914P500951",0,17011
"W913P805341",0,56178
"W913P103939",0,0
"W914PB00807",0,21063
"W914P303802",0,0
"W913P805336",0,0
"G0179601430",0,94712
"E205R860636",54121,55803
"VYH7500172",0,176236
"V5030400168",0,1121083
"3379P701284",0,57557
"3109R111486",64030,358621
"G174Rb50337",0,0
"3129M250924",175952,257793
"3139M120378",122100,178375
"G476M430396",40870,187929
"3138MC00024",38658,77596
"W912P504160",0,75021
"W913P805344",0,24689
"G659C470031",0,1567396
"3378PC01263",0,156730
"G479M430440",25362,20269
"3378PC01220",0,88798
"3379P701094",0,56400
"W3028715905",0,40067
"E174J100247",85665,202212
"3389P701120",0,50764
"3299M520104",0,361246
"G075PA00449",8176,33707
"G176R650090",0,257734
"VSK7600414",0,227887
"E363MC20057",0,96740
"E363M920419",0,231391
"W3019001030",0,150811
"V4408703510",0,0
"VWT9600558",3500,7000
"S7214300104",15271,103783
"3379P701188",0,107716
"V5121000059",0,0
"G186R350017",0,109151
"3109R111006",69916,90962
"G075PA00488",0,0
"G175R150503",0,305911
"W795P500259",1171,6000
"W912PA01721",0,122940
"3379P701018",0,52315
"3299M420439",0,124811
"VYH7500181",0,12078
"W3038504243",0,163076
"G075P100191",11641,69779
"G075PA00426",13656,61568
"312MC51793",37191,356057
"312MC51795",33232,337137
"VWY8500577",0,74585
"C509P801703",47518,141347
"G175J400323",0,244935
"RJR9400118",0,205883
"E174MA20516",75613,53911
"3089R910431",21758,56638
"3389P901110",0,69822
"3389P901121",0,76183
"VWT9600562",5078,79123
"A5C1021022356",86362,339374
"3299M720997",0,227914
"3379PA02894",0,268392
"W918P901200",0,77012
"E205R262594",6135,86693
"VWY8500573",0,44899
"3299M420466",0,13315
"E195M620147",110445,643032
"E185J800119",201987,128518
"W907P901104",0,46382
"V5120400181",0,1955078
"3299M721287",0,133506
"C379P800362",0,219013
"3379PC05411",0,109720
"3379PC05417",0,108275
"3379PC05416",0,44263
"3109R911247",22332,19941
"G074PC00709",2260,8010
"W907P901082",0,143580
"W907P901106",0,46525
"G074P900666",0,0
"G075PA00490",5833,24776
"W3039001310",0,182765
"3389P901120",0,77920
"3389P901126",0,219729
"3379P701088",0,39667
"VX27600555",0,15671
"W3019001026",0,176996
"W3049301298",0,137147
"W3048901728",0,115499
"G475M830574",31994,61783
"W907P901068",0,115485
"W907P901098",0,163308
"W914P500849",0,16157
"3299M721288",0,165860
"G155P500357",0,407897
"E337M620084",0,10317
"VWS9Z02452",8138,3188
"VWS9Z02458",26298,3998
"3080R110102",0,0
"3379PA02886",0,0
"3379PA02892",0,292508
"W907P600214",0,0
"V4408910037",0,0
"w3039000753",0,111886
"V3L4301042",0,107501
"W3069100432",0,103665
"3379PC05413",0,92007
"W907P301313",0,30326
"W3019315385",0,69320
"W3028601480",0,185734
"W3029405964",0,94162
"W3039302703",0,145999
"W3058604330",0,32593
"E204R561329",16812,10634
"G074PC00401",0,0
"G175J200386",0,268929
"G174RC50364",0,332699
"G175R350230",0,15138
"G075PB00291",2652,63954
"VWS9Z02467",866,1227
"VWY8500566",0,53965
"W3029209641",0,0
"VWU9801902",0,0
"W3009605930",0,116701
"G676JCO0056",0,1194289
"E205R661061",5533,28070
"G768R120513",10041,20177
"W913PC04900",0,93487
"W907P600640",0,44546
"W907P600643",0,46236
"W905p600836",0,159588
"W907P301311",0,132852
"W907P901108",0,69203
"W907P901100",0,131840
"G145J500089",0,0
"E175J400632",16203,173110
"G175R350881",0,325903
"3379PA02882",0,29067
"3379PA02884",0,41563
"3389P801223",0,243172
"3089RC12268",145076,55906
"3389P801217",0,37156
"C507P900885",1255,8059
"VWY8300508",0,28692
"3109RC10645",63842,64144
"3109rc10640",34601,137242
"G175R150544",0,825223
"3379PA02889",0,118101
"3379PA02887",0,453372
"G075P902921",10349,15823
"3379PA02891",0,253610
"3379PC05240",0,72426
"V4498500852",0,340196
"3379PC05241",0,172109
"3080R110310",79709,110829
"3379PC04271",0,161547
"3389P901119",0,127578
"G175R150173",0,62321
"G175R150323",0,595424
"G175R150261",0,425706
"G656JA00043",0,197633
"G746R837550",26508,21943
"G095P400455",9225,56464
"VWY9X00882",0,33387
"VWY9Y00989",0,125008
"G166JC00293",0,0
"C768R120505",4606,7150
"3379PA02890",0,143600
"3379PC04290",0,199933
"3299M420455",0,431253
"VWV9Y02867",0,0
"G666GA00078",0,896072
"G666J800160",0,1331480
"3379PC05414",0,14695
"W907P401053",0,175961
"G667J100001",0,512214
"E204R461433",18879,71683
"NVN2803359",0,258794
"E215R960371",22599,74906
"W914P806732",0,165106
"G478M430422",34720,98252
"REQ0400391",5832,29445
"G175R150534",0,183969
"W3059602182",0,125961
"C767R921150",28910,94408
"VX29801842",0,67378
"E216J700702",28040,94832
"C768R121802",3926,64318
"G746R631249",69619,76824
"C369PB00189",0,586616
"VWY9X00880",0,44410
"3378PC01319",0,0
"W914PB00770",0,165378
"REQ0300343",39942,33028
"G475M130099",48447,167424
"E183J600094",10688,33296
"G074P400240",22720,136055
"VWY9Y00962",0,87927
"E183JB00576",85827,351106
"W3069101594",0,227260
"W914P204615",0,158410
"3119RA10770",116692,208741
"AK67025737",20439,28280
"V4408502146",0,55673
"W3058502700",0,248205
"VWX8X03861",0,61148
"3299m921722",0,168366
"C767R521440",33708,104537
"C509P801421",11128,4848
"W3059402716",0,57722
"E205R860739",27079,22543
"W914PA02503",0,27762
"S7214700175",0,0
"E185J800092",13312,290872
"G186R650005",0,274550
"W3068600586",0,228397
"C368J100092",0,227099
"REQ0400403",23631,11140
"RAN9700617",0,333120
"G145P600370",0,118032
"VWY9Y00967",0,143084
"G676J800097",0,0
"W3019601911",0,0
"W3019510025",0,190679
"G145P600983",0,42021
"3379PC04294",0,111378
"W3049404464",0,108660
"W3058900896",0,0
"V5000300052",0,688538
"G656JC00073",0,864561
"3089R910592",67663,80696
"3379PA02888",0,17036
"3379PC05298",0,98168
"G677JC00092",0,899334
"VWX0905284",0,0
"3379PC05448",0,91139
"3379PA02128",0,147772
"C767RC21561",101346,10987
"E204R661790",75401,218316
"3379PC05574",0,27074
"3379PC05303",0,75865
"3379PC05570",0,79551
"RES8900150",12939,8197
"3379PC05449",0,197854
"3920P401971",31275,97858
"3379PC05569",0,75939
"E215R960309",257,209541
"REQ0800555",26754,109171
"3109R811582",53368,80531
"3109R911558",58430,258510
"W913P500625",0,252430
"3379PA02121",0,48004
"G155P401098",0,376252
"W793PC04089",3278,922
"VX27500530",0,200887
"G186R850045",0,88611
"G185J500191",0,696489
"G186JA00108",0,645790
"G186JB00061",0,808239
"VYH7500176",0,53708
"REQ0800546",4119,29292
"G657J500066",0,1509138
"W914P604218",0,321085
"3080R110417",39513,219168
"3379PA02678",0,144620
"3379PC05426",0,131466
"3379PC05360",0,274269
"3379PC05451",0,68189
"3379PA02679",0,72694
"3379PC05452",0,159404
"G186R950017",0,541569
"G145P600998",0,289936
"3379PA02676",0,0
"G445P600022",1061,36043
"RER0900643",4872,48166
"RQZ0402613",0,304990
"W3049606454",0,232655
"W3058901274",0,217976
"RER0900634",16004,8669
"REQ0800553",1121,33843
"3379PC05572",0,35185
"RL29100577",0,1209351
"RL29100578",0,1226250
"REQ0300344",23294,17474
"REQ0400413",20888,25761
"3379PC05573",0,68010
"G475MA30198",46089,129098
"C350P800485",0,189810
"W918P901199",0,95944
"VWX0905286",0,64251
"3100R912710",41078,57102
"VWV9Y02892",0,0
"W795PB00142",43505,127155
"C767R420046",0,43959
"REQ0800542",4820,10354
"VX20902253",0,0
"E214RB60388",2845,154036
"W916PB02370",0,239087
"S7434700038",14655,18928
"3370PC00063",0,65227
"RER0900654",0,0
"REQ0400405",4487,32236
"3379PC05447",0,4235
"41954661",0,469957
"E335M420310",0,48783
"RAM8400166",0,230536
"G717M230426",100731,787347
"C369P700112",0,493390
"G145J500088",0,428742
"E205R460033",86760,256786
"RJR9400110",0,33060
"C768J900410",0,0
"G155P702170",0,9107
"G476M530058",14673,523956
"W3019411112",0,274810
"3290M220063",0,0
"3379PC05444",0,154989
"W862J900165",0,575040
"3370PC00065",0,20555
"VWX0905412",0,32639
"3290M120324",0,128597
"3370PC00015",0,78050
"VWY0Z01561",0,69179
"REQ0300342",1740,4909
"C767RB20040",31533,91579
"C768R320916",45445,68068
"3370PC00067",0,13810
"3370PC00064",0,27446
"3379PC05602",0,166214
"VWT7500065",3177,57680
"VWY0Z01558",0,21143
"VWY0Z01572",0,15418
"VWY0Z01587",0,48726
"VWY0Z01590",0,14057
"VWY0Z01593",0,65731
"RER0900632",35190,14581
"RER0900644",45841,13447
"3290MB20368",0,44145
"C767J600733",13422,20614
"C767R920637",56834,33772
"REQ0800573",19489,32545
"3100RB10600",117085,86241
"3299MC20546",0,101987
"C767RA21698",45929,45715
"C767J800168",8282,19298
"REQ0400415",1334,2358
"G165P900333",0,206257
"G656J900012",0,819245
"G175R650166",0,118495
"3379PC05163",0,9898
"VWX0Z06040",0,24992
"RJP8700255",0,59538
"3379PC05601",0,11969
"3379PC05596",0,2123
"W3058604328",0,121099
"G165J500064",0,207755
"G676J800014",0,1727141
"G677J700050",0,223239
"C767R621275",165733,136957
"3379PC05342",0,15956
"vx17x00323",0,22627
"W3049202253",0,0
"VWU9801897",0,47247
"3100RB10121",56163,92056
"G667J200037",0,422111
"3379PC05510",0,57723
"3291M120581",0,40764
"3930PC00568",7639,43584
"C391P100485",0,272783
"G677JC00093",0,2129439
"W3058604325",0,0
"3120MA10094",62952,140757
"REQ0900616",2690,15265
"RJN0Z00990",0,53935
"W305880349",0,108215
"3109R810687",6011,186585
"3291M120595",0,235342
"3379PC05597",0,0
"VWV9Y02869",0,0
"VWV9Y02895",0,56987
"RES8900151",0,0
"3379PC05453",0,35694
"E155M130881",19766,30303
"G184JA00091",0,191901
"G186RA50273",0,49131
"3379PC05600",0,110580
"3379PC05594",0,88705
"3379PC05599",0,19369
"W3078600508",0,89187
"VWX8302636",0,46119
"E204RA60974",29724,160932
"G074P400332",6575,52102
"3089R910481",6828,62376
"C379PC00361",0,457993
"3921P400659",9547,45705
"3379PC05604",0,37027
"G676J800037",0,1447091
"G677J700014",0,1528763
"G677J400027",0,710573
"C767J700680",4045,95788
"SA7R0325004280",29592,198793
"VWX0Y05863",0,25055
"REQ0X00712",14279,12388
"G747R330073",16077,30434
"W3049301295",0,109596
"G717M231057",1531,3047
"W915P304079",0,156855
"W915P304078",0,135137
"W3079200681",0,116698
"W3058900914",0,48999
"3931P200016",1649,5180
"RJR9800161",0,30684
"G667J300050",0,362564
"G185J800355",0,122935
"W915P304027",0,4443
"W916PB02779",0,12449
"3921P400682",3083,31002
"G676J800115",0,1196635
"G185J800008",0,110786
"E336M920257",0,189922
"W3048904956",0,163056
"W915P404745",0,44458
"W915P304128",0,97036
"VWY0Y01415",0,91571
"RRS9Y00190",0,222306
"RER0900595",4616,25341
"3379PC05605",0,43729
"VWYOY01429",0,18367
"VWYOZ01573",0,61797
"3080R110106",59801,165244
"G667J800025",0,971375
"4431R310078",0,84129
"W915P304059",0,98858
"W915P304009",0,25081
"W915P304044",0,45870
"W915P404269",0,64400
"W915P304018",0,54917
"W915P304058",0,42050
"W914PA04760",0,87041
"W912PA01722",0,204235
"G476M930092",4994,8367
"W903P900871",0,60447
"W914PB00804",0,147717
"3291M120234",0,95121
"3291M320370",0,215335
"VWX0X05587",0,29647
"VWY0Y01426",0,75134
"4411R310091",0,96061
"VWYOY01421",0,22892
"G185J100064",0,61869
"VWYOY01482",0,32521
"VWYOY01480",0,12023
"W917P402335",0,64042
"W914PA03997",0,90083
"W915P503370",0,66626
"C747M800041",53986,40463
"3081R210407",31751,77558
"VYK8301084",0,120613
"W3058600643",0,67453
"S7224300219",43738,58187
"3291M320022",0,0
"RQZ0503250",0,65895
"3931P200062",2450,7138
"3081R210387",23601,49691
"G476M430075",0,0
"C737M420645",16046,109538
"4411R411677",0,123952
"3081R210487",76486,0
"VWY1201642",0,0
"3291M320047",0,65459
"G175R350231",0,151696
"3931P200040",14791,43119
"C747M800241",86701,99186
"G185JB00106",0,149556
"RER0900624",8558,58129
"W914PA02934",0,0
"S7224700543",0,0
"W915P303813",0,0
"E205R460416",0,0
"S7214601520",47898,106085
"S7214000016",0,0
"W915P203607",0,0
"4411R310127",0,120477
"4411R310108",0,150195
"4421R310011",0,222512
"4421R310006",0,245456
"W915P304035",0,96405
"REQ0900634",0,0
"G747R231435",993,289696
"SA5C1321001141",82737,76740
"C397P900900",0,48608
"G676J800103",0,271027
"G716MB20600",0,0
"G747R231281",0,0
"G669C370129",0,969710
"G175R150105",0,796583
"VWY1201644",0,27124
"W914PB00797",0,50802
"W914P500952",0,93360
"RR69300271",0,67139
"W914PA02802",0,0
"VWY1201638",0,143143
"VWY1201639",0,0
"W915P506598",0,0
"G667J900102",0,1199488
"3101R412333",14169,16593
"3101R412337",49322,24706
"3101R510177",3790,662
"3101R510213",8421,20256
"3101R510268",31711,9242
"3931P650257",2761,9274
"3921P651387",2645,1914
"3921P651242",368,1740
"4411R310096",0,207659
"3081R210427",2328,192638
"C358P100138",0,0
"REQ0800574",13172,11628
"E335M620498",0,18461
"RER0800536",14901,14997
"RER0800542",13521,5100
"RER0800549",15268,51464
"3379PC05446",0,22109
"3291M320055",0,102228
"3081R210435",11377,217280
"3291M320004",0,18166
"E204R763585",0,0
"RJP1101223",0,70081
"VWX0X05537",0,17469
"E214R860365",56215,126874
"3290MB20202",0,56481
"REQ0800539",24069,29587
"G747R230722",869,101136
"3290MC20487",0,78927
"REQ0900693",2416,2290
"C767R640041",12172,5799
"3081R510704",34812,27495
"3081R210368",12510,28211
"RTZ1401234",12182,15913
"VWY1201650",0,31399
"3931P650203",4346,15453
"3101R210664",4362,178987
"RR693OO262",0,71978
"G475M830679",65,5964
"VWY1201658",0,69431
"4031C130017",0,609394
"G155P700992",0,56780
"E205R262667",29301,49082
"RER0700532",0,0
"3081R510615",35431,30620
"4031C130011",0,1295239
"E336M121605",0,21145
"G476M730718",90988,229921
"G476M730705",71381,171952
"C777JB00297",9840,46963
"G0189008507",0,212327
"3921P400435",2893,6651
"VWX1506580",0,29184
"VWX1506582",0,53524
"VWX1506593",0,8495
"VWV1503978",0,27624
"3291M720308",0,140150
"3291M720376",0,93581
"3081R510998",15959,38596
"C767JA00348",3766,32213
"VWX1506628",0,21411
"3931P200030",1157,8594
"4031C130146",0,968516
"4451R340080",0,300650
"VWY0Y01475",0,9816
"E204R760240",4454,3930
"G155P200461",0,184152
"G185J700005",0,141767
"G697M233145",38788,46149
"W796P701323",0,0
"C507PA03271",129,20887
"VWX1506617",0,65698
"VWX1506588",0,51691
"VWX1506627",0,13094
"VWX1506583",0,60700
"VWX1706706",0,94867
"VWX1506595",0,23309
"VWX1506618",0,50501
"VWX1506581",0,13477
"VWY1201645",0,5679
"REQ1400914",8109,10664
"RER0X00673",4100,3494
"REQ1500982",337,32058
"E205R262018",3832,20801
"REQ1500990",583,12275
"G667J500022",0,0
"3100RB10618",9615,30484
"RER0700526",3444,3957
"C747MA00071",6930,93700
"VWX1706677",0,12976
"VWX1706707",0,34599
"VWX1706710",0,27073
"VWX1706712",0,0
"VWX1706713",0,9788
"VWX1706714",0,143081
"3291M820087",0,67594
"RQZ0402657",0,109874
"3291M720356",0,0
"W796p401983",1201,4571
"VWY1201651",0,7407
"E205R761427",0,0
"VWX1506584",0,44327
"VWX1506585",0,2808
"VWX1506586",0,88777
"VWX1506591",0,68713
"VWX1506596",0,57099
"E204R461749",3122,81951
"RER9900353",10779,34649
"VWX7200376",0,26032
"G155P200471",0,95212
"G676JB00094",0,1238957
"G679C270112",0,1021257
"4031C130144",0,739683
"4031C730020",0,778426
"3911P750409",5937,7906
"3911P750532",7219,4110
"3911P750533",3343,5476
"4411R411755",0,76870
"3101R412475",91648,10624
"G145P301100",0,42709
"E205R562452",100103,123382
"G186JA00082",0,0
"VWY1201649",0,0
"E338MC21084",0,0
"E215J200115",1888,35716
"G146P700559",0,91796
"VWY1701873",0,44063
"E205R460078",34299,82221
"3081R510662",27186,22973
"VWY1701821",0,97008
"RJP1101219",0,0
"G667J700047",0,553351
"E184J300114",7609,147980
"C738M720728",32635,52758
"RER1801010",5262,5811
"3291M820101",0,50199
"3121M711106",71925,252401
"3081R511067",0,0
"3291M820086",0,59624
"VWY1701851",0,19304
"3921P651237",1260,23978
"E335M620459",0,23723
"E336M121608",0,146065
"W917PB00015",0,38254
"G747R231589",15708,29157
"REQ1601081",10484,47894
"VWX1706676",0,5613
"C727R610188",6627,88399
"4411R411610",0,24153
"C370PB00196",0,154914
"3379PC05598",0,68594
"REQ1400908",6312,13481
"W3048901841",0,133487
"3921P400684",10516,48982
"3921P651384",16221,111643
"3921P400671",10763,20905
"E206J400095",140,22370
"REQ1601074",178,1276
"C728J600104",3670,11516
"VWX1706669",0,16806
"VWX1706672",0,11655
"VWX1706678",0,3219
"G657JC00025",0,261900
"3081R510594",287,61666
"G185J700086",0,0
"G185JC00196",0,0
"E333M920945",0,0
"R5R9601436",11477,83125
"3101R510227",33772,36698
"G726J500143",62733,178922
"G185JB00115",0,17996
"REQ1601001",5202,762
"REQ1500987",1281,1281
"3921P651468",2153,849
"REQ1500992",4467,3403
"VX21502877",0,5330
"REQ1601153",2366,5119
"E204R763514",19039,84169
"C738J300367",29884,82598
"REQ1601122",4920,4901
"VWV9602337",0,25300
"VWV9602346",0,18890
"VWV9902590",0,24971
"VWV9902596",0,26175
"VWY1901931",0,11147
"VWY1901924",0,28143
"REQ1600997",3306,38081
"REQOY00763",0,0
"VWY1701854",0,18490
"3101R210687",77413,193462
"3101R210697",0,0
"4411R411585",0,35594
"RU20Y08111",0,495297
"VWX1706675",0,8825
"VWX1706673",0,26194
"3081RA11721",7607,41855
"VWX8802952",0,46510
"3101R711445",46505,32607
"G475M930386",1002,2040
"C737M820100",12324,16096
"W915P602015",0,43276
"VWX1706782",0,77758
"G678J600022",0,702327
"VWX1706709",0,27833
"G677J600010",0,767176
"3081RA11691",22831,120730
"REQ1601070",386,2713
"VWV1403663",0,193988
"C726MC30053",70226,42523
"G656J800014",0,200301
"W3068502007",0,224599
"RER0900607",14951,74179
"VWY1201646",0,24574
"E205R261999",90506,116193
"RJP0100885",0,58119
"VWY1901937",0,41737
"E336M320086",0,43046
"G156P701267",0,0
"VWV9902719",0,0
"3089R310927",4686,36951
"3291M721126",0,15196
"G679C270109",0,985462
"a5c4321107702",175579,353363
"4431R310079",0,43789
"G185J700078",0,411926
"RER1801061",1762,11961
"W793P504054",4765,10412
"3101R210672",7506,135572
"3101R711583",7874,95665
"VWY0901328",0,55720
"RER1801057",2053,1938
"RER1801077",6010,27385
"VWY1901935",0,2524
"VWY1401701",0,31656
"W3018707430",0,3781
"V4498803145",0,368352
"E338M720245",0,93392
"VWX7701231",0,43229
"G185J300035",0,141179
"VWY1701872",0,19323
"VWY1901921",0,17720
"G476M230221",100929,213389
"E325M120211",0,265810
"G475M130126",7188,22858
"4041C830157",0,989994
"G697J301242",3724,69298
"C726M730238",13551,84007
"VWY1901934",0,16111
"R5R8X01302",123368,74606
"3081R510593",8569,64163
"W3069101590",0,24702
"3082R110622",6151,33186
"V5000400104",0,518909
"G657JC00014",0,464249
"G146P200348",0,47742
"RER1801022",7432,8039
"VWY1X01993",0,27779
"G676J700017",0,642364
"G676J800017",0,433405
"3082R110422",16566,31584
"4441R240428",0,150498
"C359PC00616",0,143090
"3082R110615",29214,70063
"G668J300094",0,732402
"G668J300095",0,525777
"G446P504627",0,0
"E184J800279",18589,166829
"RJP0500955",0,31265
"W3079400152",0,20662
"3081R510370",5690,14599
"VWY1401747",0,4556
"VWY1401700",0,0
"VWY1401745",0,36472
"G476M730314",736,9728
"4411R411619",0,0
"4030CC30006",0,707400
"3082R110403",994,1225
"G667J700019",0,314978
"RER1801045",6718,5992
"RER1801079",6250,18975
"VWV1X04406",0,16648
"VWV1Y04423",0,8679
"VWX1907157",0,30411
"VWX1907175",0,24040
"C737M800165",27428,110279
"C388JA00097",0,188879
"3082R110384",3803,22153
"3101R210679",6169,8094
"RER1801058",642,3652
"4411R310433",0,0
"G477M830181",0,0
"3299M721183",0,6532
"G667J500026",0,1119619
"G676J900021",0,519315
"VWX1Y07320",0,29026
"VWX1Y07327",0,12792
"VWX1Y07328",0,14229
"VWX1Z07525",0,19415
"VWY1401750",0,60119
"3082R110426",19694,7169
"C737M721069",3479,35635
"3931P200034",31330,24240
"C378J100136",0,23928
"G476M130386",886,5515
"W3048901670",0,37648
"W3019602525",0,7323
"3379PC05445",0,45406
"G667J800026",0,544623
"G677J800026",0,501821
"E205R460038",1637,36676
"VWY1X01976",0,22653
"VWY1X01985",0,15706
"VWX1706732",0,0
"E205R562109",1136,10775
"RQZ0402660",0,0
"3292Z220164",0,45675
"E336M320697",0,62042
"W913PC07286",0,115945
"W916PA03475",0,174044
"S7214401029",153598,357633
"3081R510639",23151,23478
"3292Z220230",0,8736
"3292Z220338",0,5430
"3292Z320641",0,8286
"3292Z320659",0,6839
"C377JA00032",0,60556
"VWY1X01982",0,1110
"VWY1X01983",0,5978
"VWY1X01984",0,6275
"W3048901666",0,149549
"E205R460044",56000,63949
"G185J700077",0,145676
"VWX1Y07367",0,17450
"W914PB00801",0,170835
"REQ2101823",6712,21097
"3292Z120390",0,29543
"C507P404463",3127,26353
"W915PA00545",0,53007
"VWY1401741",0,35872
"VWY1X01979",0,14518
"VWY1X01986",0,16732
"VWY2102368",0,0
"VWY2302567",0,0
"VWY2102375",0,0
"VWY2102381",0,0
"VWY2102372",0,0
"VWY2102378",0,0
"VWY2102373",0,0
"VWY2102379",0,0
"VWY2102442",0,0
"VWY2102401",0,0
"VWY2202462",0,0
"VWY2202485",0,0
"VWY2102367",0,0
"VWY2102374",0,0
"VWY2102377",0,0
"VWY2102346",0,0
"VWY2102350",0,0
"VWY2102391",0,0
"VWY2102344",0,0
"VWY2202450",0,0
"REQ2101821",0,0
"W914PB00632",0,164772
"G186J900049",0,111790
"W796PA00093",917,19915
"VWY1X01978",0,11514
"3082R210776",2284,814
"W3088900197",0,100096
"3082R210634",15512,9441
"VWX2107764",0,18263
"3122M510131",6824,90921
"VWX2107751",0,21521
"REQ2101757",162,18453
"VWY1X01980",0,9217
"W3019312587",0,0
"3292Z320626",0,0
"RJN2201911",0,10615
"VWV2204679",0,12184
"3292Z120344",0,0
"VWX2408342",0,0
"C377P200313",0,704544
"E216J700365",1513,5288
"W3048901480",0,0
"G678J300002",0,636264
"3081RA11741",7798,9230
"3082R110413",46785,22772
"C387P993324",0,5806
"C388JB00080",0,22417
"G145J500072",0,43715
"W3019413883",0,150010
"C358P500341",0,47515
"3102R411295",211,2025
"76671177",0,0
"RER1801024",871,10321
"VWY1401753",0,4213
"C737M821074",0,0
"REQ2302087",1951,15054
"REQ2302089",0,0
"VWX2408369",0,2482
"3911P750348",9115,6850
"C378J100133",0,97500
"W916PA03468",0,166993
"G678J700069",0,348301
"C388JB00108",0,14054
"E204R860218",233479,162350
"E215R860534",0,0
"W912PB06869",0,178102
"C738M225160",7459,37612
"W914P205122",0,207021
"W914PB00809",0,156343
"W3058800373",0,179591
"W3068501712",0,120060
"W3079400373",0,141520
"G146P300982",0,48828
"E205JA00039",1611,1810
"3082R210726",18140,11706
"3082R111147",17000,34506
"3082R210740",14038,11385
"VWX2408374",0,208
"REQ2302066",3974,1075
"C389P400087",0,270884
"C378P300301",0,117792
"3082R210806",8874,25771
"RER1801059",268,220
"VWY1401742",0,1017
"W907P700105",0,0
"G656J800153",0,165399
"VX28301319",0,31962
"C738M225759",10723,47899
"C397P500492",0,21501
"E206R161216",14290,35575
"W912PB06697",0,11791
"3292Z220309",0,27402
"G477M430398",15782,49720
"W3058800365",0,123690
"RTZ1401283",24029,43481
"3102R411294",6866,27014
"VWY1X01987",0,0
"3292Z420702",0,26221
"REQ2101793",1324,3886
"W3048904988",0,0
"S7214201025",0,0
"C737J500341",6270,14133
"C747M500276",388,7001
"3292Z120407",0,23233
"E335M420317",0,53548
"3292Z520345",0,35526
"W907P700219",0,0
"A7PY325000257",83254,237043
"3379PC05575",0,196410
"3082R110620",12307,16203
"G677J400046",0,323040
"VWY1401704",0,10959
"VWY1401746",0,25825
"VWX2107783",0,11365
"3292Z320660",0,22857
"3292Z420698",0,13027
"W3069400096",0,4771
"REQ2702457",0,0
"w912pb02971",0,92743
"G677J500059",0,1540494
"VWY1901933",0,8357
"VWX2408357",0,12561
"3292Z420689",0,17759
"VWY2702965",0,6690
"3292Z120405",0,34026
"VWY1X01977",0,0
"3382P950508",0,21612
"3382P950624",0,2239
"VWX9Y04745",0,92984
"C768J400234",1445,3702
"3382P952156",0,11302
"E204R660394",4027,86500
"G477M730243",168490,48852
"3382P950720",0,22963
"3382P952154",0,15842
"C397J300039",0,31772
"VWX2107784",0,9432
"W914P305240",0,172538
"3382P950695",0,12926
"W914PB00806",0,74199
"3382P952155",0,1691
"3382P952238",0,24146
"3382P952160",0,36263
"REQ2702459",1209,5593
"3292Z520020",0,33555
"3082R510186",2565,6575
"RER0X00686",888,1539
"G146P600934",0,12884
"3292Z321305",0,28012
"W3028612352",0,113187
"3292Z520015",0,0
"G717M231437",14316,37817
"VWX2408355",0,7953
"3382P952165",0,11874
"3382P950699",0,13431
"3382P952265",0,20464
"3382P952162",0,21788
"3382P952158",0,3897
"W793P500490",5521,3014
"REQ0400397",5870,27487
"3382P952164",0,2702
"G677J500006",0,709703
"G676JB00056",0,597005
"C387J500023",0,0
"C397P601427",0,0
"W907P700155",0,0
"W907P700015",0,0
"W917PB00054",0,0
"W3028612158",0,0
"3080R910298",35476,52959
"RJP2201527",0,2384
"M0179608587",0,185931
"RJS2900523",0,33223
"4031C130069",0,682651
"4031C830125",0,454414
"G678J700105",0,32789
"3082R510140",15709,7917
"3292Z321303",0,4557
"C397P800634",0,10436
"C377J200028",0,57950
"3292Z721196",0,12507
"RER1801011",4444,5993
"3382P952250",0,11518
"3382P952245",0,12736
"3382P952163",0,15932
"RER1801063",159,4254
"3382P952301",0,3272
"W913P805232",0,139998
"3382p950719",0,6896
"3382P952281",0,19440
"3382P952134",0,26162
"3382P952152",0,14068
"3102R800693",4112,2295
"3102R800695",13952,9666
"3292Z720387",0,41625
"W912PB07326",0,12702
"W532601832",3383,11091
"REQ1400936",31454,9976
"3292Z721195",0,23505
"3382P952157",0,9645
"3382P952254",0,20743
"C398P101003",0,20634
"3382P952252",0,19760
"W914PB00568",0,162787
"3292Z820492",0,5677
"W914P305362",0,123039
"3382P952244",0,6933
"3292Z820064",0,17272
"3082R510061",660,8500
"RER1801012",2119,2892
"W912P504163",0,9263
"3382P951964",0,22716
"W914P305746",0,173763
"3292Z721142",0,15495
"C717RB10326",0,0
"VWR1500256",1628,2308
"3382P952231",0,11341
"RER1801032",500,251
"C267P400242",0,22376
"RER1801044",2372,2536
"3292Z721122",0,22606
"3102R710870",25440,13576
"3382P952285",0,10672
"3382P952322",0,6928
"E173M930232",162461,275582
"4031C230012",0,177594
"VX22404247",0,3874
"E339M320210",0,26870
"3382P952172",0,12327
"3382P952243",0,10099
"C398P201030",0,20648
"W914PB00613",0,130236
"VX22704639",0,7289
"VX22704544",0,6425
"3382P951930",0,6617
"4431R310076",0,114628
"3080RA11001",4822,3335
"3292Z420695",0,9981
"3141MB10124",3120,20290
"3292Z721189",0,0
"G175R150186",0,53628
"4422R610065",0,59866
"4422R91O248",0,27655
"3292Z920851",0,12701
"3292Z920853",0,5167
"3292Z920889",0,5017
"3292Z920883",0,3037
"3382PC52282",0,27210
"3082R510060",323,13590
"G697M131251",100,17135
"G476MA30139",5596,101283
"G477M430410",0,0
"W663K500118",0,0
"VWX1706737",0,14041
"RER1801015",1716,6481
"G475M830557",421,14177
"C507PB00663",270,2526
"W917P402376",0,119610
"G677J500007",0,372701
"3292Z721094",0,13521
"W3019100725",0,0
"G677J600013",0,230552
"4031C230007",0,131767
"G184RA50074",0,57980
"VWX2408354",0,8919
"VWX2408298",0,5125
"3082R510160",4950,2981
"G446P600409",103792,60823
"4042C730057",0,217667
"4031C230027",0,176167
"VX21Z03558",0,12998
"W3058901288",0,123545
"C767J9000196",48,681
"RER1801042",0,0
"W3039000686",0,43561
"3922PA52012",534,6817
"E205R261927",13001,31916
"G166J600013",0,467983
"W3048504107",0,0
"4031C230025",0,179771
"3082J783282",8962,2761
"C367J500045",0,4598
"3082j781051",0,0
"G679C370033",0,282985
"C367P400242",0,22252
"C737M520376",1769,10894
"3292Z720376",0,6588
"RER1801040",383,1607
"VWY2702959",0,2378
"VWV2304751",0,9304
"3382PC52389",0,7719
"W916PB02491",0,86582
"G677J600008",0,202199
"REQ1400967",3265,1099
"3382P952249",0,2204
"3382PC52342",0,7805
"3379PC05568",0,86468
"3379PC05576",0,0
"W913PC04913",0,60701
"VWX1306469",0,25299
"K2159002478",0,0
"W3029005782",0,165819
"C397PC00604",0,6470
"VWS7400476",0,0
"3292Z920840",0,0
"3382PC52356",0,0
"G145PC00232",0,117005
"W914PB00811",0,156615
"RER1801049",0,0
"3082R911169",739,1031
"3382PC52623",0,814
"RR52401577",0,2198
"3082R911315",6074,3997
"C768R522849",349,744
"C507P400067",785,284
"3382P952159",0,2829
"3382PC52624",0,4717
"3382PC52392",0,1807
"4411R510240",0,5200
"V5100900116",0,2491364
"3379PA02125",0,109265
"C397P100606",0,9963
"G679C470089",0,105642
"3082J781367",58,676
"G726M530216",0,0
"3382PC52608",0,2279
"G677J500005",0,14957
"VX22Z05272",0,1162
"3382PC52626",0,2222
"3292Z820904",0,3138
"3102R810631",76,4616
"3102R810635",3657,1709
"G668J600030",0,50179
"3291M320405",0,0
"3382PC52572",0,376
"4422R910053",0,11798
"3089R210803",2110,1122
"G746J900116",818,21252
"C768R920042",26,846
"W3079200724",0,0
"W3058600613",0,0
"3382PC52325",0,20
"3082J781346",418,140
"3292Z721139",0,3836
"W3069101678",0,64694
"W3079200442",0,151808
"G677J500003",0,84453
"G677JB00001",0,127708
"3082R510087",1778,26823
"C388JA00006",0,79377
"C367P400215",0,10718
"RER1801030",2927,3660
"4442R740099",0,4607
"C446CB30024",0,153845
"3129M850516",0,0
"4442R740089",0,0
"4442R740095",0,7008
"VWY2703147",0,0
"VWY2703132",0,0
"RER0900582",8286,14107
"W912P505266",0,119677
"G476M530446",3704,1509
"3292Z821109",0,0
"4412R910145",0,497
"G677J100026",0,36999
"E174M730857",0,0
"3299M720243",0,141534
"3382PC52627",0,401
